branch,labeled_count,f1,pr_auc,roc_auc,brier_score,ece_10,decision_threshold
predictive_entropy,275,0.8761904761904761,0.9112776370589035,0.8283333333333334,0.14970558126417688,0.11311391216206418,0.45827381850504123
family_qbc,275,0.8712871287128714,0.9254788727491927,0.8608333333333333,0.14113125667638055,0.12378193092651753,0.5450116432538848
cluster_diverse_representative,275,0.8749999999999999,0.9242723939398139,0.8566666666666667,0.14649919218697255,0.14648688092850215,0.3908692347689418
