{
  "fingerprint": "db4678a3ee76a5f10649a1fda4030a4e2b78f8c532438a0ec380a676cd81d160",
  "model_name": "AP_SP",
  "seed": 20260317,
  "calibration": {
    "method": "platt_logit",
    "coef": 1.6834664161940258,
    "intercept": 1.1301503551476788,
    "center": 1.007915747292241,
    "scale": 3.1587248278265303,
    "sample_count": 59,
    "positive_count": 40
  }
}