{
  "fingerprint": "127fafae064fa0ac74c83ad048351106c8b5866d7623de89cc55b522553a0ef7",
  "model_name": "AP_SP",
  "seed": 20260321,
  "calibration": {
    "method": "platt_logit",
    "coef": 1.3293738287652024,
    "intercept": 1.0137012575982056,
    "center": 0.5976148709228988,
    "scale": 2.1444689827613925,
    "sample_count": 59,
    "positive_count": 40
  }
}