{
  "round_id": 1,
  "strategy": "predictive_entropy",
  "labeled_count": 235,
  "accuracy": 0.8305084745762712,
  "precision": 0.8571428571428571,
  "recall": 0.9,
  "f1": 0.8780487804878048,
  "balanced_accuracy": 0.7921052631578948,
  "gmean": 0.7847225456708954,
  "roc_auc": 0.8618421052631579,
  "pr_auc": 0.9073552448970332,
  "brier_score": 0.13961824293299113,
  "log_loss": 0.443272550843676,
  "ece_10": 0.10814984860112721,
  "mce_10": 0.2661159878792896,
  "decision_threshold": 0.48083369761967865,
  "threshold_strategy": "pr_best_f1",
  "threshold_selection_f1": 0.8780487804878048,
  "threshold_source": "evaluation_dataset",
  "accuracy_fixed_0_5": 0.8135593220338984,
  "precision_fixed_0_5": 0.8717948717948718,
  "recall_fixed_0_5": 0.85,
  "f1_fixed_0_5": 0.8607594936708861,
  "balanced_accuracy_fixed_0_5": 0.7934210526315789,
  "gmean_fixed_0_5": 0.7914011558455574,
  "stage": "pre_proposal",
  "evaluation_dataset": "validation"
}