{
  "fingerprint": "7441145db20a185892fb4c602b016d32ae4b4717cc31c5e7bba4af31fecf5273",
  "model_name": "AP_SP",
  "seed": 20260320,
  "calibration": {
    "method": "platt_logit",
    "coef": 1.5228788210469035,
    "intercept": 1.054652091397904,
    "center": 0.6052651464315943,
    "scale": 2.6873358455749172,
    "sample_count": 59,
    "positive_count": 40
  }
}