{
  "fingerprint": "16eef0149946ec17f6b388c5edd5321c8bd1a8152a01e8405fe01a97d9a6d644",
  "model_name": "TSNE_AP_SP",
  "seed": 20260321,
  "calibration": {
    "method": "platt_logit",
    "coef": 0.8737925481667982,
    "intercept": 0.8748035864557376,
    "center": 0.8895822240522119,
    "scale": 1.6649042846871642,
    "sample_count": 59,
    "positive_count": 40
  }
}