branch,round_id,strategy,labeled_count,accuracy,precision,recall,f1,balanced_accuracy,gmean,roc_auc,pr_auc,brier_score,log_loss,ece_10,mce_10,decision_threshold,threshold_strategy,threshold_selection_f1,threshold_source,accuracy_fixed_0_5,precision_fixed_0_5,recall_fixed_0_5,f1_fixed_0_5,balanced_accuracy_fixed_0_5,gmean_fixed_0_5,evaluation_dataset,surrogate_stage,surrogate_round_id,validation_decision_threshold,validation_threshold_selection_f1,source_file
predictive_entropy,8,final_evaluation,275,0.8243243243243243,0.8363636363636363,0.92,0.8761904761904761,0.7725,0.7582875444051551,0.8283333333333334,0.9112776370589035,0.14970558126417688,0.4657648089644213,0.11311391216206418,0.4519725862487207,0.45827381850504123,pr_best_f1,0.8809523809523809,validation,0.8378378378378378,0.8653846153846154,0.9,0.8823529411764707,0.8041666666666667,0.7984359711335657,holdout,post_ingest,8,0.45827381850504123,0.8809523809523809,thesis_results/03_real_al/phase3_results_20260620/thesis_results/03_real_al/branches/predictive_entropy/metrics/final_holdout.json
family_qbc,8,final_evaluation,275,0.8243243243243243,0.8627450980392157,0.88,0.8712871287128714,0.7941666666666667,0.7895146188218007,0.8608333333333333,0.9254788727491927,0.14113125667638055,0.4444627630968996,0.12378193092651753,0.3334066521255977,0.5450116432538848,pr_best_f1,0.8641975308641976,validation,0.8243243243243243,0.8490566037735849,0.9,0.8737864077669903,0.7833333333333333,0.7745966692414834,holdout,post_ingest,8,0.5450116432538848,0.8641975308641976,thesis_results/03_real_al/phase3_results_20260620/thesis_results/03_real_al/branches/family_qbc/metrics/final_holdout.json
cluster_diverse_representative,8,final_evaluation,275,0.8108108108108109,0.7903225806451613,0.98,0.8749999999999999,0.7191666666666666,0.6701989754294366,0.8566666666666667,0.9242723939398139,0.14649919218697255,0.45302020163390677,0.14648688092850215,0.35323809526481076,0.3908692347689418,pr_best_f1,0.8764044943820225,validation,0.7972972972972973,0.8431372549019608,0.86,0.8514851485148515,0.7633333333333333,0.7571877794400365,holdout,post_ingest,8,0.3908692347689418,0.8764044943820225,thesis_results/03_real_al/phase3_results_20260620/thesis_results/03_real_al/branches/cluster_diverse_representative/metrics/final_holdout.json
